num_distr,mouse.time,mouse.clicked_name,,,,,
5,2.3072569,['target'],,,,,
5,0.5178006,['target'],,,set size ,RT,
5,0.4554039,['target'],,x1,5,1.433391045,y1
5,0.4380922,['target'],,x2,10,1.468416712,y2
5,0.3427826,['target'],,,,,
5,0.7248598,['target'],,slope = (y2-y1)/(x2-x1),,,0.007005133
5,0.416188,['target'],,,,,
5,0.2944105,['target'],,,,,
5,0.3124042,['target'],,,,,
5,0.3370549,['target'],,,,,
5,0.3742053,['target'],,,,,
5,0.3064595,['target'],,,,,
5,0.3313209,['target'],,,,,
5,0.3542545,['target'],,,,,
5,0.2939959,['target'],,,,,
5,0.3720422,['target'],,,,,
5,0.2858034,['target'],,,,,
5,0.363306,['target'],,,,,
5,0.3148331,['target'],,,,,
5,0.3530783,['target'],,,,,
5,0.3262936,['target'],,,,,
5,0.3522548,['target'],,,,,
5,0.416708,['target'],,,,,
5,0.370887,['target'],,,,,
5,0.3477895,['target'],,,,,
5,0.2904787,['target'],,,,,
5,0.2850224,['target'],,,,,
5,0.3469398,['target'],,,,,
5,0.3385173,['target'],,,,,
5,0.2802208,['target'],,,,,
5,0.3533075,['target'],,,,,
5,0.3768649,['target'],,,,,
5,0.4726419,['target'],,,,,
5,0.3775162,['target'],,,,,
5,0.3068293,['target'],,,,,
5,0.3034452,['target'],,,,,
5,0.3269383,['target'],,,,,
5,0.3252198,['target'],,,,,
5,0.3506723,['target'],,,,,
5,0.320407,['target'],,,,,
5,0.3722521,['target'],,,,,
5,0.3461369,['target'],,,,,
5,0.2742309,['target'],,,,,
5,0.2631803,['target'],,,,,
5,0.3283349,['target'],,,,,
5,0.2349618,['target'],,,,,
5,0.3049894,['target'],,,,,
5,0.3395063,['target'],,,,,
5,0.3703031,['target'],,,,,
5,0.302997,['target'],,,,,
5,0.2780124,['target'],,,,,
5,0.3337235,['target'],,,,,
5,0.3275505,['target'],,,,,
5,0.371253,['target'],,,,,
5,0.2962071,['target'],,,,,
5,0.3728787,['target'],,,,,
5,0.3770131,['target'],,,,,
5,0.3509924,['target'],,,,,
5,0.3362115,['target'],,,,,
5,0.6152172,['target'],,,,,
5,0.3618201,['target'],,,,,
5,0.3044254,['target'],,,,,
5,0.2677468,['target'],,,,,
5,0.3319916,['target'],,,,,
5,0.310234,['target'],,,,,
5,0.3435325,['target'],,,,,
5,0.3124413,['target'],,,,,
5,0.3052849,['target'],,,,,
5,0.2452274,['target'],,,,,
5,1.5333933,['target'],,,,,
5,0.352293,['target'],,,,,
5,0.2812093,['target'],,,,,
5,0.3391369,['target'],,,,,
5,0.2968644,['target'],,,,,
5,0.2606905,['target'],,,,,
5,0.2802303,['target'],,,,,
5,0.5126592,['target'],,,,,
5,0.2298836,['target'],,,,,
5,0.296855,['target'],,,,,
5,0.2849727,['target'],,,,,
5,0.2523838,['target'],,,,,
5,0.283725,['target'],,,,,
5,0.3560212,['target'],,,,,
5,0.2963202,['target'],,,,,
5,0.32927,['target'],,,,,
5,0.2784357,['target'],,,,,
5,3.3214187,target',,,,,
5,3.0974544,target',,,,,
5,1.8057391,target',,,,,
5,1.2735252,target',,,,,
5,1.7376379,target',,,,,
5,1.3886063,target',,,,,
5,3.4384362,target',,,,,
5,1.7297863,target',,,,,
5,1.9628141,target',,,,,
5,2.0601232,target',,,,,
5,3.4827416,target',,,,,
5,4.3251754,target',,,,,
5,1.9993822,target',,,,,
5,6.2673032,target',,,,,
5,4.3454772,target',,,,,
5,1.9182536,target',,,,,
5,2.8302786,target',,,,,
5,3.6835525,target',,,,,
5,3.7394109,target',,,,,
5,4.6945529,target',,,,,
5,3.4480623,target',,,,,
5,1.5273117,target',,,,,
5,2.8946688,target',,,,,
5,4.1155167,target',,,,,
5,1.5998165,target',,,,,
5,4.0535492,target',,,,,
5,1.4702013,target',,,,,
5,3.3975377,target',,,,,
5,1.6717681,target',,,,,
5,1.9548646,target',,,,,
5,3.4382577,target',,,,,
5,1.8582923,target',,,,,
5,2.6635284,target',,,,,
5,3.3333911,target',,,,,
5,1.5887415,target',,,,,
5,2.0167955,target',,,,,
5,2.2374016,target',,,,,
5,1.8317561,target',,,,,
5,1.8264142,target',,,,,
5,3.397023,target',,,,,
5,1.7277215,target',,,,,
5,3.6217117,target',,,,,
5,1.7034809,target',,,,,
5,2.1619009,target',,,,,
5,1.145131382,['target',,,,,
5,0.896871782,['target',,,,,
5,1.406392052,['target',,,,,
5,1.903862051,['target',,,,,
5,1.713223004,['target',,,,,
5,1.145394492,['target',,,,,
5,0.823517561,['target',,,,,
5,1.152298504,['target',,,,,
5,1.019268326,['target',,,,,
5,1.150835052,['target',,,,,
5,1.32903798,['target',,,,,
5,2.795358419,['target',,,,,
5,2.964983062,['target',,,,,
5,0.970845429,['target',,,,,
5,1.120095514,['target',,,,,
5,1.247294802,['target',,,,,
5,0.99428115,['target',,,,,
5,0.992784474,['target',,,,,
5,2.024706939,['target',,,,,
5,0.950723677,['target',,,,,
5,1.252156682,['target',,,,,
5,1.263969946,['target',,,,,
5,1.109548272,['target',,,,,
5,1.506376469,['target',,,,,
5,1.041185264,['target',,,,,
5,1.061285783,['target',,,,,
5,1.177725347,['target',,,,,
5,1.531859364,['target',,,,,
5,1.418988807,['target',,,,,
5,1.249968781,['target',,,,,
5,1.411338832,['target',,,,,
5,1.182856094,['target',,,,,
5,1.188590197,['target',,,,,
5,1.496494675,['target',,,,,
5,1.586214834,['target',,,,,
5,1.255914758,['target',,,,,
5,1.409587014,['target',,,,,
5,1.469054467,['target',,,,,
5,1.298336544,['target',,,,,
5,1.296637498,['target',,,,,
5,1.422992868,['target',,,,,
5,1.496923993,['target',,,,,
5,1.293540253,['target',,,,,
5,1.144200059,['target',,,,,
5,1.415651254,['target',,,,,
5,1.156245322,['target',,,,,
5,1.300434831,['target',,,,,
5,0.96945675,['target',,,,,
5,1.316142477,['target',,,,,
5,1.284944023,['target',,,,,
5,1.662945623,['target',,,,,
5,1.557531984,['target',,,,,
5,1.113865578,['target',,,,,
5,1.186081359,['target',,,,,
5,1.723306679,['target',,,,,
5,1.603783278,['target',,,,,
5,2.088050016,['target',,,,,
5,1.792569875,['target',,,,,
5,1.459259206,['target',,,,,
5,1.302060751,['target',,,,,
5,1.292554358,['target',,,,,
5,2.09537093,['target',,,,,
5,1.365406576,['target',,,,,
5,1.472360868,['target',,,,,
5,0.945297557,['target',,,,,
5,1.135472087,['target',,,,,
5,1.373300069,['target',,,,,
5,0.835839241,['target',,,,,
5,1.06989412,['target',,,,,
5,1.305807644,['target',,,,,
5,1.202756636,['target',,,,,
5,1.129150689,['target',,,,,
5,1.420713309,['target',,,,,
5,1.092586605,['target',,,,,
5,1.294525274,['target',,,,,
5,1.036278177,['target',,,,,
5,1.331795208,['target',,,,,
5,1.511355259,['target',,,,,
5,1.462202628,['target',,,,,
5,1.082787198,['target',,,,,
5,1.184985867,['target',,,,,
5,1.173964694,['target',,,,,
5,1.432631142,['target',,,,,
5,1.436844931,['target',,,,,
5,2.7683765,['target',,,,,
5,1.6842207,['target',,,,,
5,2.2149991,['target',,,,,
5,1.9495201,['target',,,,,
5,1.6006995,['target',,,,,
5,2.1824487,['target',,,,,
5,1.6111816,['target',,,,,
5,2.1096618,['target',,,,,
5,2.1446474,['target',,,,,
5,2.7597713,['target',,,,,
5,1.5473375,['target',,,,,
5,2.1109023,['target',,,,,
5,1.8819549,['target',,,,,
5,1.610618,['target',,,,,
5,1.5118525,['target',,,,,
5,2.3055116,['target',,,,,
5,1.5138815,['target',,,,,
5,1.8301876,['target',,,,,
5,2.0275433,['target',,,,,
5,1.478489,['target',,,,,
5,1.7118587,['target',,,,,
5,1.4126809,['target',,,,,
5,8.6313954,['target',,,,,
5,2.1608301,['target',,,,,
5,1.307143,['target',,,,,
5,1.6950436,['target',,,,,
5,2.0843222,['target',,,,,
5,1.9269525,['target',,,,,
5,1.7245325,['target',,,,,
5,1.1440174,['target',,,,,
5,1.9940256,['target',,,,,
5,1.3946563,['target',,,,,
5,1.9271524,['target',,,,,
5,1.7990077,['target',,,,,
5,1.63415,['target',,,,,
5,1.3621763,['target',,,,,
5,2.0397125,['target',,,,,
5,1.7329724,['target',,,,,
5,1.4998975,['target',,,,,
5,2.2104138,['target',,,,,
5,1.7939945,['target',,,,,
5,1.2334374,['target',,,,,
5,1.8957187,['target',,,,,
5,1.3241222,['target',,,,,
5,1.6525564,['target',,,,,
5,2.3521096,['target',,,,,
5,1.4106001,['target',,,,,
5,2.2105591,['target',,,,,
5,1.495214,['target',,,,,
5,1.6719579,['target',,,,,
5,1.7121125,['target',,,,,
5,1.5274622,['target',,,,,
5,2.1023608,['target',,,,,
5,1.9583068,['target',,,,,
5,1.8612584,['target',,,,,
5,1.4769728,['target',,,,,
5,1.5717603,['target',,,,,
5,1.7646574,['target',,,,,
5,1.8357762,['target',,,,,
5,1.2032554,['target',,,,,
5,1.5669262,['target',,,,,
5,2.2923883,['target',,,,,
5,2.1486956,['target',,,,,
5,2.3810647,['target',,,,,
5,2.6827066,['target',,,,,
5,1.6147299,['target',,,,,
5,2.0337028,['target',,,,,
5,1.705701,['target',,,,,
5,3.0254394,['target',,,,,
5,3.1482847,['target',,,,,
5,1.8079959,['target',,,,,
5,1.6256967,['target',,,,,
5,2.549038,['target',,,,,
5,1.6987503,['target',,,,,
5,1.3270935,['target',,,,,
5,3.2330103,['target',,,,,
5,1.4617491,['target',,,,,
5,2.1282899,['target',,,,,
5,1.4477852,['target',,,,,
5,2.0858598,['target',,,,,
5,2.1770741,['target',,,,,
5,1.4970852,['target',,,,,
5,3.444882,['target',,,,,
5,1.7106196,['target',,,,,
5,1.8487273,['target',,,,,
5,1.8780934,['target',,,,,
5,1.9641466,['target',,,,,
5,1.2500738,['target',,,,,
5,1.743268,['target',,,,,
5,2.0320196,['target',,,,,
5,2.1239757,['target',,,,,
5,1.8579679,['target',,,,,
5,2.4849256,['target',,,,,
5,3.3594963,['target',,,,,
5,1.5794251,['target',,,,,
5,1.660053,['target',,,,,
5,1.6567227,['target',,,,,
5,1.9256667,['target',,,,,
5,1.3285955,['target',,,,,
5,1.279036,['target',,,,,
5,2.6137122,['target',,,,,
5,2.5141345,['target',,,,,
5,1.952568,['target',,,,,
5,1.2653341,['target',,,,,
5,1.328658,['target',,,,,
5,1.1811175,['target',,,,,
5,1.3304401,['target',,,,,
5,1.1635419,['target',,,,,
5,1.4480256,['target',,,,,
5,1.2639018,['target',,,,,
5,1.0465615,['target',,,,,
5,1.0802956,['target',,,,,
5,1.2474205,['target',,,,,
5,1.1467886,['target',,,,,
5,1.8310096,['target',,,,,
5,1.5149466,['target',,,,,
5,1.4639121,['target',,,,,
5,1.4641347,['target',,,,,
5,1.7958933,['target',,,,,
5,1.5737829,['target',,,,,
5,1.2971845,['target',,,,,
5,1.2798848,['target',,,,,
5,1.913932,['target',,,,,
5,1.5152857,['target',,,,,
5,1.0777331,['target',,,,,
5,1.1650455,['target',,,,,
5,1.3810792,['target',,,,,
5,0.9319818,['target',,,,,
5,1.5473987,['target',,,,,
5,1.3158376,['target',,,,,
5,1.2638004,['target',,,,,
5,1.1648344,['target',,,,,
5,1.1972151,['target',,,,,
5,1.5653251,['target',,,,,
5,2.0141256,['target',,,,,
5,1.6808657,['target',,,,,
5,1.3472194,['target',,,,,
5,1.1299087,['target',,,,,
5,1.2983599,['target',,,,,
5,1.3326825,['target',,,,,
5,1.2478326,['target',,,,,
5,1.5326293,['target',,,,,
5,1.162922,['target',,,,,
5,1.5475852,['target',,,,,
5,1.2305643,['target',,,,,
5,0.9812758,['target',,,,,
5,1.4290057,['target',,,,,
5,1.0829735,['target',,,,,
5,1.3466896,['target',,,,,
5,1.4975919,['target',,,,,
5,1.6654499,['target',,,,,
5,1.16435,['target',,,,,
5,1.2137183,['target',,,,,
5,1.3820251,['target',,,,,
5,1.0477758,['target',,,,,
5,1.3140545,['target',,,,,
5,1.1110946,['target',,,,,
5,1.1985945,['target',,,,,
5,1.0807868,['target',,,,,
5,0.9985572,['target',,,,,
5,1.2804719,['target',,,,,
5,1.297415,['target',,,,,
5,1.2637602,['target',,,,,
5,1.4315961,['target',,,,,
5,2.2143478,['target',,,,,
5,1.3148516,['target',,,,,
5,1.6138883,['target',,,,,
5,1.5316383,['target',,,,,
5,1.2976188,['target',,,,,
5,1.0466123,['target',,,,,
5,1.4151196,['target',,,,,
5,1.1653696,['target',,,,,
5,1.13042,['target',,,,,
5,1.132596,['target',,,,,
5,1.2806822,['target',,,,,
5,1.1646276,['target',,,,,
5,1.2970658,['target',,,,,
5,1.0987643,['target',,,,,
5,1.2454462,['target',,,,,
5,1.1309375,['target',,,,,
5,1.3805923,['target',,,,,
5,1.3148457,['target',,,,,
5,1.4802776,['target',,,,,
5,1.1279022,['target',,,,,
5,1.0145308,['target',,,,,
5,1.6307653,['target',,,,,
5,1.1143936,['target',,,,,
5,1.1639204,['target',,,,,
5,1.9623365,['target',,,,,
5,1.2638887,['target',,,,,
5,1.1630712,['target',,,,,
5,1.2473938,['target',,,,,
5,1.2633285,['target',,,,,
5,1.2479917,['target',,,,,
5,1.3642506,['target',,,,,
5,1.6134786,['target',,,,,
5,1.1138669,['target',,,,,
5,1.2964344,['target',,,,,
5,0.9625643,['target',,,,,
5,1.1968119,['target',,,,,
5,1.3293179,['target',,,,,
5,1.1636275,['target',,,,,
5,1.2961388,['target',,,,,
5,0.9138066,['target',,,,,
5,1.2813177,['target',,,,,
5,1.3138841,['target',,,,,
5,1.032312,['target',,,,,
5,1.3809249,['target',,,,,
5,1.776934638,['target',,,,,
5,1.611126344,['target',,,,,
5,2.523523256,['target',,,,,
5,1.200510481,['target',,,,,
5,1.153629474,['target',,,,,
5,1.285578531,['target',,,,,
5,2.611736813,['target',,,,,
5,1.197892304,['target',,,,,
5,1.447027647,['target',,,,,
5,1.644232177,['target',,,,,
5,1.60851413,['target',,,,,
5,1.575452295,['target',,,,,
5,1.190177845,['target',,,,,
5,1.532480744,['target',,,,,
5,1.690179226,['target',,,,,
5,1.619130975,['target',,,,,
5,1.911824991,['target',,,,,
5,1.058247939,['target',,,,,
5,1.684288429,['target',,,,,
5,1.457131335,['target',,,,,
5,1.272918741,['target',,,,,
5,1.378605838,['target',,,,,
5,1.659124743,['target',,,,,
5,1.443804181,['target',,,,,
5,1.044775329,['target',,,,,
5,2.044449208,['target',,,,,
5,1.472257158,['target',,,,,
5,1.311220994,['target',,,,,
5,1.84260595,['target',,,,,
5,1.172708852,['target',,,,,
5,1.579917503,['target',,,,,
5,1.701548449,['target',,,,,
5,1.460178092,['target',,,,,
5,1.196831804,['target',,,,,
5,1.102071724,['target',,,,,
5,1.355526553,['target',,,,,
5,1.199469123,['target',,,,,
5,1.893614388,['target',,,,,
5,1.847352695,['target',,,,,
5,0.704696884,['target',,,,,
5,1.057618081,['target',,,,,
5,1.467612638,['target',,,,,
5,1.143575888,['target',,,,,
5,1.368299138,['target',,,,,
5,1.758446485,['target',,,,,
5,0.945352557,['target',,,,,
5,1.509748573,['target',,,,,
5,1.951451896,['target',,,,,
5,1.235964661,['target',,,,,
5,3.44807251,['target',,,,,
5,1.085969929,['target',,,,,
5,0.817962006,['target',,,,,
5,1.421178605,['target',,,,,
5,1.428348704,['target',,,,,
5,1.330301916,['target',,,,,
5,1.627023794,['target',,,,,
5,1.208713983,['target',,,,,
5,1.327362172,['target',,,,,
5,1.370435466,['target',,,,,
5,2.197768888,['target',,,,,
5,1.512385756,['target',,,,,
5,1.320535137,['target',,,,,
5,1.469369759,['target',,,,,
5,1.209140176,['target',,,,,
5,0.883792341,['target',,,,,
5,1.506101924,['target',,,,,
5,1.270679703,['target',,,,,
5,1.441037317,['target',,,,,
5,1.266733198,['target',,,,,
5,1.20813151,['target',,,,,
5,1.235939847,['target',,,,,
5,1.275436106,['target',,,,,
5,0.991426167,['target',,,,,
5,1.416908851,['target',,,,,
5,1.028804852,['target',,,,,
5,1.274905511,['target',,,,,
5,1.178430329,['target',,,,,
5,1.137246537,['target',,,,,
10,0.5275786,['target'],,,,,
10,0.4176179,['target'],,,,,
10,0.3787717,['target'],,,,,
10,0.3416389,['target'],,,,,
10,0.4028865,['target'],,,,,
10,0.3954189,['target'],,,,,
10,0.3369695,['target'],,,,,
10,0.3379607,['target'],,,,,
10,0.2986041,['target'],,,,,
10,0.4308107,['target'],,,,,
10,0.3693156,['target'],,,,,
10,0.3742963,['target'],,,,,
10,0.3746914,['target'],,,,,
10,0.3206651,['target'],,,,,
10,0.3297522,['target'],,,,,
10,0.384853,['target'],,,,,
10,0.3770337,['target'],,,,,
10,0.3448271,['target'],,,,,
10,0.3483221,['target'],,,,,
10,0.5674103,['target'],,,,,
10,0.3296653,['target'],,,,,
10,0.2769971,['target'],,,,,
10,0.3162825,['target'],,,,,
10,0.2871674,['target'],,,,,
10,0.5324488,['target'],,,,,
10,0.2268312,['target'],,,,,
10,0.2905316,['target'],,,,,
10,0.8750845,['target'],,,,,
10,0.319229,['target'],,,,,
10,0.299875,['target'],,,,,
10,0.2815505,['target'],,,,,
10,0.2970382,['target'],,,,,
10,1.1715721,['target'],,,,,
10,0.3625555,['target'],,,,,
10,0.3384819,['target'],,,,,
10,0.2867893,['target'],,,,,
10,0.3771467,['target'],,,,,
10,0.3203249,['target'],,,,,
10,0.3064456,['target'],,,,,
10,0.2468456,['target'],,,,,
10,0.2046432,['target'],,,,,
10,0.2068875,['target'],,,,,
10,0.3011111,['target'],,,,,
10,0.2608768,['target'],,,,,
10,0.3757764,['target'],,,,,
10,0.2528459,['target'],,,,,
10,0.2689121,['target'],,,,,
10,0.1839334,['target'],,,,,
10,0.2910221,['target'],,,,,
10,0.2946227,['target'],,,,,
10,0.2300417,['target'],,,,,
10,0.2353883,['target'],,,,,
10,0.3374574,['target'],,,,,
10,0.3012342,['target'],,,,,
10,0.3069567,['target'],,,,,
10,0.2610822,['target'],,,,,
10,0.3594711,['target'],,,,,
10,0.2168838,['target'],,,,,
10,0.3155575,['target'],,,,,
10,0.2919945,['target'],,,,,
10,0.3377361,['target'],,,,,
10,0.2524479,['target'],,,,,
10,0.3296126,['target'],,,,,
10,0.3020474,['target'],,,,,
10,0.3027568,['target'],,,,,
10,0.2976095,['target'],,,,,
10,0.3139763,['target'],,,,,
10,0.2606452,['target'],,,,,
10,0.2746618,['target'],,,,,
10,0.2423697,['target'],,,,,
10,1.0445075,['target'],,,,,
10,0.4012226,['target'],,,,,
10,0.2371604,['target'],,,,,
10,0.2820556,['target'],,,,,
10,0.3369779,['target'],,,,,
10,0.2943008,['target'],,,,,
10,0.2883734,['target'],,,,,
10,0.2596253,['target'],,,,,
10,0.3707524,['target'],,,,,
10,0.3308671,['target'],,,,,
10,0.3259253,['target'],,,,,
10,0.2623487,['target'],,,,,
10,0.3308659,['target'],,,,,
10,0.3100957,['target'],,,,,
10,0.2908307,['target'],,,,,
10,0.270608,['target'],,,,,
10,0.3259956,['target'],,,,,
10,0.2264161,['target'],,,,,
10,0.1914951,['target'],,,,,
10,0.2519166,['target'],,,,,
10,1.2902846,['target'],,,,,
10,0.2816683,['target'],,,,,
10,0.7353112,['target'],,,,,
10,0.4844676,['target'],,,,,
10,0.2516092,['target'],,,,,
10,0.2688508,['target'],,,,,
10,0.2387139,['target'],,,,,
10,0.2202821,['target'],,,,,
10,0.1423945,['target'],,,,,
10,0.2546553,['target'],,,,,
10,0.2510824,['target'],,,,,
10,0.2511505,['target'],,,,,
10,0.2723071,['target'],,,,,
10,0.3045623,['target'],,,,,
10,0.208334,['target'],,,,,
10,0.5252771,['target'],,,,,
10,0.5343051,['target'],,,,,
10,0.2417216,['target'],,,,,
10,0.2661564,['target'],,,,,
10,1.150206,['target'],,,,,
10,0.3116518,['target'],,,,,
10,0.2581126,['target'],,,,,
10,0.2642124,['target'],,,,,
10,0.3217834,['target'],,,,,
10,6.8572193,target',,,,,
10,3.4881314,target',,,,,
10,2.693169,target',,,,,
10,1.5926492,target',,,,,
10,1.7670059,target',,,,,
10,3.0577012,target',,,,,
10,4.3852535,target',,,,,
10,3.9700451,target',,,,,
10,2.7521968,target',,,,,
10,5.6025882,target',,,,,
10,3.8506983,target',,,,,
10,7.2680764,target',,,,,
10,1.6298828,target',,,,,
10,9.6310446,target',,,,,
10,3.6961078,target',,,,,
10,2.5139076,target',,,,,
10,1.8653336,target',,,,,
10,1.7932555,target',,,,,
10,5.4200927,target',,,,,
10,2.3762957,target',,,,,
10,4.1634548,target',,,,,
10,4.6033464,target',,,,,
10,2.1829208,target',,,,,
10,1.4012804,target',,,,,
10,2.089149,target',,,,,
10,1.6682649,target',,,,,
10,4.8786866,target',,,,,
10,5.3110254,target',,,,,
10,2.9524395,target',,,,,
10,4.1307138,target',,,,,
10,2.0219761,target',,,,,
10,1.8063511,target',,,,,
10,1.8258808,target',,,,,
10,1.2356849,target',,,,,
10,1.4066874,target',,,,,
10,2.36600056,['target',,,,,
10,1.845575776,['target',,,,,
10,0.962148781,['target',,,,,
10,5.137289369,['target',,,,,
10,1.536852736,['target',,,,,
10,1.349169054,['target',,,,,
10,1.309738257,['target',,,,,
10,1.224096218,['target',,,,,
10,1.19349046,['target',,,,,
10,1.716488213,['target',,,,,
10,1.775660404,['target',,,,,
10,1.416740517,['target',,,,,
10,1.360709325,['target',,,,,
10,0.973012311,['target',,,,,
10,1.64560369,['target',,,,,
10,0.908270683,['target',,,,,
10,0.963798427,['target',,,,,
10,0.958103545,['target',,,,,
10,1.554739051,['target',,,,,
10,1.867975019,['target',,,,,
10,0.965825904,['target',,,,,
10,1.777592316,['target',,,,,
10,0.986673118,['target',,,,,
10,1.182338303,['target',,,,,
10,1.173350455,['target',,,,,
10,1.68437093,['target',,,,,
10,1.953692085,['target',,,,,
10,1.166284057,['target',,,,,
10,2.080199976,['target',,,,,
10,1.152456637,['target',,,,,
10,1.027856019,['target',,,,,
10,0.850863608,['target',,,,,
10,0.972647284,['target',,,,,
10,1.330859489,['target',,,,,
10,1.271742446,['target',,,,,
10,2.057532872,['target',,,,,
10,1.429819083,['target',,,,,
10,1.384392253,['target',,,,,
10,1.401861173,['target',,,,,
10,1.279752513,['target',,,,,
10,1.168926906,['target',,,,,
10,1.182361759,['target',,,,,
10,1.576814289,['target',,,,,
10,1.204528113,['target',,,,,
10,1.226931602,['target',,,,,
10,1.254339944,['target',,,,,
10,1.736014387,['target',,,,,
10,1.24197376,['target',,,,,
10,1.551039097,['target',,,,,
10,2.660631162,['target',,,,,
10,1.334787568,['target',,,,,
10,1.175608712,['target',,,,,
10,1.371447764,['target',,,,,
10,1.594592434,['target',,,,,
10,1.917184494,['target',,,,,
10,1.287556392,['target',,,,,
10,1.110594087,['target',,,,,
10,1.010545175,['target',,,,,
10,1.060886947,['target',,,,,
10,0.985268205,['target',,,,,
10,1.748262047,['target',,,,,
10,1.072954903,['target',,,,,
10,1.128506465,['target',,,,,
10,1.869262476,['target',,,,,
10,2.302743966,['target',,,,,
10,1.128674882,['target',,,,,
10,1.577361509,['target',,,,,
10,2.36644085,['target',,,,,
10,1.415185618,['target',,,,,
10,1.845678554,['target',,,,,
10,1.997399229,['target',,,,,
10,3.063715482,['target',,,,,
10,1.582477305,['target',,,,,
10,1.155178776,['target',,,,,
10,2.845239309,['target',,,,,
10,2.496127517,['target',,,,,
10,1.213042174,['target',,,,,
10,1.191987072,['target',,,,,
10,1.665421566,['target',,,,,
10,1.40953852,['target',,,,,
10,1.510852429,['target',,,,,
10,2.000593518,['target',,,,,
10,1.813931978,['target',,,,,
10,1.411795971,['target',,,,,
10,1.36098806,['target',,,,,
10,1.270047846,['target',,,,,
10,0.854800826,['target',,,,,
10,1.136681946,['target',,,,,
10,1.089041869,['target',,,,,
10,1.469463019,['target',,,,,
10,1.428109972,['target',,,,,
10,1.343365128,['target',,,,,
10,1.079482744,['target',,,,,
10,1.857265915,['target',,,,,
10,1.184203177,['target',,,,,
10,1.437978409,['target',,,,,
10,2.414410236,['target',,,,,
10,0.979323156,['target',,,,,
10,3.294159145,['target',,,,,
10,1.475916715,['target',,,,,
10,1.655346066,['target',,,,,
10,1.310907541,['target',,,,,
10,0.764027239,['target',,,,,
10,1.35599062,['target',,,,,
10,1.026359909,['target',,,,,
10,1.478113937,['target',,,,,
10,1.193896031,['target',,,,,
10,1.106822781,['target',,,,,
10,1.869512894,['target',,,,,
10,1.581593851,['target',,,,,
10,2.940844923,['target',,,,,
10,1.3689065,['target',,,,,
10,4.178164,['target',,,,,
10,1.8581258,['target',,,,,
10,1.5746961,['target',,,,,
10,1.1586287,['target',,,,,
10,1.9139263,['target',,,,,
10,1.659357,['target',,,,,
10,1.5470649,['target',,,,,
10,4.1248609,['target',,,,,
10,1.4548516,['target',,,,,
10,1.577658,['target',,,,,
10,2.4002967,['target',,,,,
10,1.5261322,['target',,,,,
10,1.7491155,['target',,,,,
10,1.5646156,['target',,,,,
10,1.6324423,['target',,,,,
10,1.5921829,['target',,,,,
10,2.2422584,['target',,,,,
10,2.1713077,['target',,,,,
10,1.6094183,['target',,,,,
10,1.9311241,['target',,,,,
10,1.5768262,['target',,,,,
10,2.3969355,['target',,,,,
10,1.1999163,['target',,,,,
10,1.4257243,['target',,,,,
10,1.7475984,['target',,,,,
10,1.898407,['target',,,,,
10,1.9481153,['target',,,,,
10,1.6315452,['target',,,,,
10,1.4297883,['target',,,,,
10,1.6819181,['target',,,,,
10,2.6596479,['target',,,,,
10,2.2835626,['target',,,,,
10,2.2490558,['target',,,,,
10,2.514468,['target',,,,,
10,1.679108,['target',,,,,
10,1.8266561,['target',,,,,
10,2.3307897,['target',,,,,
10,1.9140844,['target',,,,,
10,1.481727,['target',,,,,
10,2.2617366,['target',,,,,
10,2.3950181,['target',,,,,
10,1.5972651,['target',,,,,
10,1.5952981,['target',,,,,
10,2.1293788,['target',,,,,
10,2.0053379,['target',,,,,
10,1.371291,['target',,,,,
10,1.9814016,['target',,,,,
10,1.7346876,['target',,,,,
10,1.7886209,['target',,,,,
10,1.8487387,['target',,,,,
10,1.4291444,['target',,,,,
10,1.1831536,['target',,,,,
10,1.7131317,['target',,,,,
10,1.2833273,['target',,,,,
10,1.1157811,['target',,,,,
10,2.1987837,['target',,,,,
10,1.5829029,['target',,,,,
10,2.2782605,['target',,,,,
10,1.8256752,['target',,,,,
10,2.5890784,['target',,,,,
10,1.7413039,['target',,,,,
10,2.1799368,['target',,,,,
10,1.8943517,['target',,,,,
10,2.5519129,['target',,,,,
10,1.8582156,['target',,,,,
10,2.0664588,['target',,,,,
10,2.1805929,['target',,,,,
10,2.0965954,['target',,,,,
10,2.5183949,['target',,,,,
10,1.8315069,['target',,,,,
10,1.8202081,['target',,,,,
10,2.6989873,['target',,,,,
10,2.0631992,['target',,,,,
10,1.8168579,['target',,,,,
10,1.6832019,['target',,,,,
10,2.4640358,['target',,,,,
10,1.4318399,['target',,,,,
10,1.5989579,['target',,,,,
10,1.4095953,['target',,,,,
10,2.9244161,['target',,,,,
10,1.7824716,['target',,,,,
10,3.0750442,['target',,,,,
10,1.8599938,['target',,,,,
10,1.8595864,['target',,,,,
10,1.3240821,['target',,,,,
10,1.6233506,['target',,,,,
10,1.6931064,['target',,,,,
10,1.6953116,['target',,,,,
10,1.6523427,['target',,,,,
10,1.1670043,['target',,,,,
10,2.054062,['target',,,,,
10,1.5690331,['target',,,,,
10,1.66757,['target',,,,,
10,1.5163742,['target',,,,,
10,1.300557,['target',,,,,
10,1.5948198,['target',,,,,
10,1.2013619,['target',,,,,
10,1.2678113,['target',,,,,
10,1.4907546,['target',,,,,
10,1.2507671,['target',,,,,
10,1.3010825,['target',,,,,
10,1.866477,['target',,,,,
10,1.416662,['target',,,,,
10,1.7675097,['target',,,,,
10,1.2515431,['target',,,,,
10,1.2518743,['target',,,,,
10,1.3011761,['target',,,,,
10,1.2498294,['target',,,,,
10,1.0678001,['target',,,,,
10,1.1831514,['target',,,,,
10,1.2496446,['target',,,,,
10,1.200937,['target',,,,,
10,1.1833132,['target',,,,,
10,1.3353646,['target',,,,,
10,1.2321998,['target',,,,,
10,1.4342477,['target',,,,,
10,1.5478078,['target',,,,,
10,1.034455,['target',,,,,
10,1.3001318,['target',,,,,
10,1.234649,['target',,,,,
10,1.3158031,['target',,,,,
10,1.2505253,['target',,,,,
10,1.1401407,['target',,,,,
10,1.366802,['target',,,,,
10,1.3342042,['target',,,,,
10,1.3975707,['target',,,,,
10,1.4832161,['target',,,,,
10,2.5182557,['target',,,,,
10,1.533323,['target',,,,,
10,1.6004568,['target',,,,,
10,1.3847526,['target',,,,,
10,1.5670502,['target',,,,,
10,1.2693721,['target',,,,,
10,1.1507723,['target',,,,,
10,1.0497431,['target',,,,,
10,1.3177358,['target',,,,,
10,1.1834293,['target',,,,,
10,1.0988455,['target',,,,,
10,1.1845583,['target',,,,,
10,1.5907314,['target',,,,,
10,1.5501567,['target',,,,,
10,1.3002314,['target',,,,,
10,1.4017397,['target',,,,,
10,1.1271443,['target',,,,,
10,1.34947,['target',,,,,
10,1.8353522,['target',,,,,
10,1.5497839,['target',,,,,
10,1.0501827,['target',,,,,
10,1.331854,['target',,,,,
10,1.2846658,['target',,,,,
10,1.0004824,['target',,,,,
10,1.0838203,['target',,,,,
10,2.051489,['target',,,,,
10,1.1490368,['target',,,,,
10,1.525624,['target',,,,,
10,1.4652248,['target',,,,,
10,1.4789117,['target',,,,,
10,1.4659741,['target',,,,,
10,1.3661288,['target',,,,,
10,1.4646795,['target',,,,,
10,1.4151592,['target',,,,,
10,1.5826379,['target',,,,,
10,1.2982925,['target',,,,,
10,1.5153394,['target',,,,,
10,1.4999489,['target',,,,,
10,1.5687131,['target',,,,,
10,1.2736114,['target',,,,,
10,1.6651036,['target',,,,,
10,1.7820721,['target',,,,,
10,1.1985087,['target',,,,,
10,1.1490908,['target',,,,,
10,1.0659782,['target',,,,,
10,1.3677134,['target',,,,,
10,0.9013684,['target',,,,,
10,1.2151721,['target',,,,,
10,1.2334216,['target',,,,,
10,1.7824045,['target',,,,,
10,4.280463426,['target',,,,,
10,2.028318731,['target',,,,,
10,1.362695602,['target',,,,,
10,2.968571687,['target',,,,,
10,2.113971157,['target',,,,,
10,2.362208275,['target',,,,,
10,1.176136507,['target',,,,,
10,2.318614184,['target',,,,,
10,2.35385618,['target',,,,,
10,2.463344927,['target',,,,,
10,1.323708293,['target',,,,,
10,1.806610761,['target',,,,,
10,2.952967778,['target',,,,,
10,1.425552049,['target',,,,,
10,1.318721467,['target',,,,,
10,3.82518649,['target',,,,,
10,1.216271959,['target',,,,,
10,1.697234928,['target',,,,,
10,1.996277284,['target',,,,,
10,1.555912682,['target',,,,,
10,1.314514907,['target',,,,,
10,0.977090701,['target',,,,,
10,1.421500282,['target',,,,,
10,1.470940449,['target',,,,,
10,1.948186167,['target',,,,,
10,1.543757487,['target',,,,,
10,1.706321326,['target',,,,,
10,1.369569229,['target',,,,,
10,4.303010454,['target',,,,,
10,1.536076965,['target',,,,,
10,1.151221069,['target',,,,,
10,1.672558857,['target',,,,,
10,1.902104757,['target',,,,,
10,1.924817307,['target',,,,,
10,0.990221463,['target',,,,,
10,1.92876351,['target',,,,,
10,1.379838338,['target',,,,,
10,2.082036029,['target',,,,,
10,3.129295069,['target',,,,,
10,1.721394045,['target',,,,,
10,1.418372932,['target',,,,,
10,0.982908877,['target',,,,,
10,1.028787474,['target',,,,,
10,1.498264273,['target',,,,,
10,1.375293118,['target',,,,,
10,3.002875891,['target',,,,,
10,2.085767033,['target',,,,,
10,1.533000208,['target',,,,,
10,1.460697035,['target',,,,,
10,1.33080416,['target',,,,,
10,1.8383561,['target',,,,,
10,1.373584438,['target',,,,,
10,1.97334875,['target',,,,,
10,1.718540801,['target',,,,,
10,1.672680791,['target',,,,,
10,1.898338524,['target',,,,,
10,1.213229925,['target',,,,,
10,0.994954792,['target',,,,,
10,1.929353421,['target',,,,,
10,1.442538991,['target',,,,,
10,2.704889449,['target',,,,,
10,1.841861205,['target',,,,,
,,,,,,,
,,,,,,,
,,,,,,,
,,,,,,,
,,,,,,,
,,,,,,,
,,,,,,,
,,,,,,,
,,,,,,,
,,,,,,,
,,,,,,,
,,,,,,,
,,,,,,,
,,,,,,,
,,,,,,,
,,,,,,,
,,,,,,,
,,,,,,,
,,,,,,,
,,,,,,,
,,,,,,,
,,,,,,,
,,,,,,,
,,,,,,,
,,,,,,,
,,,,,,,
,,,,,,,
,,,,,,,
,,,,,,,
,,,,,,,
,,,,,,,
,,,,,,,
,,,,,,,
,,,,,,,
,,,,,,,
,,,,,,,
,,,,,,,
,,,,,,,
,,,,,,,
,,,,,,,
,,,,,,,
,,,,,,,
,,,,,,,
,,,,,,,
,,,,,,,
,,,,,,,
,,,,,,,
,,,,,,,
,,,,,,,
,,,,,,,
,,,,,,,
,,,,,,,
,,,,,,,
,,,,,,,
,,,,,,,
,,,,,,,
,,,,,,,
,,,,,,,
,,,,,,,
,,,,,,,
,,,,,,,
,,,,,,,
,,,,,,,
,,,,,,,
,,,,,,,
,,,,,,,
,,,,,,,
,,,,,,,
,,,,,,,
,,,,,,,
,,,,,,,
,,,,,,,
,,,,,,,
,,,,,,,
,,,,,,,
,,,,,,,
,,,,,,,
,,,,,,,
,,,,,,,
,,,,,,,
,,,,,,,
,,,,,,,
,,,,,,,
,,,,,,,
,,,,,,,
,,,,,,,
,,,,,,,
,,,,,,,
,,,,,,,
,,,,,,,
,,,,,,,
,,,,,,,
,,,,,,,
,,,,,,,
,,,,,,,
,,,,,,,
,,,,,,,
,,,,,,,
,,,,,,,
,,,,,,,
,,,,,,,
,,,,,,,
,,,,,,,
,,,,,,,
,,,,,,,
,,,,,,,
,,,,,,,
,,,,,,,
,,,,,,,
,,,,,,,
,,,,,,,
,,,,,,,
,,,,,,,
,,,,,,,
,,,,,,,
,,,,,,,
,,,,,,,
,,,,,,,
,,,,,,,
,,,,,,,
,,,,,,,
,,,,,,,
,,,,,,,
,,,,,,,
,,,,,,,
,,,,,,,
,,,,,,,
,,,,,,,
,,,,,,,
,,,,,,,
,,,,,,,
,,,,,,,
,,,,,,,
,,,,,,,
,,,,,,,
,,,,,,,
,,,,,,,
,,,,,,,
,,,,,,,
,,,,,,,
,,,,,,,
,,,,,,,
,,,,,,,
,,,,,,,
,,,,,,,
,,,,,,,
,,,,,,,
,,,,,,,
,,,,,,,
,,,,,,,
,,,,,,,
,,,,,,,
,,,,,,,
,,,,,,,
,,,,,,,
,,,,,,,
,,,,,,,
,,,,,,,
,,,,,,,
,,,,,,,
,,,,,,,
,,,,,,,
,,,,,,,
,,,,,,,
,,,,,,,
,,,,,,,
,,,,,,,
,,,,,,,
,,,,,,,
,,,,,,,
,,,,,,,
,,,,,,,
,,,,,,,
,,,,,,,
,,,,,,,
,,,,,,,
,,,,,,,
,,,,,,,
,,,,,,,
,,,,,,,
,,,,,,,
,,,,,,,
,,,,,,,
,,,,,,,
,,,,,,,
,,,,,,,
,,,,,,,
,,,,,,,
,,,,,,,
,,,,,,,
,,,,,,,
,,,,,,,
,,,,,,,
,,,,,,,
,,,,,,,
,,,,,,,
,,,,,,,
,,,,,,,
,,,,,,,
,,,,,,,
,,,,,,,
,,,,,,,
,,,,,,,
,,,,,,,
,,,,,,,
,,,,,,,
,,,,,,,
,,,,,,,
,,,,,,,
,,,,,,,
,,,,,,,
,,,,,,,
,,,,,,,
,,,,,,,
,,,,,,,
,,,,,,,
,,,,,,,
,,,,,,,
,,,,,,,
,,,,,,,
,,,,,,,
,,,,,,,
,,,,,,,
,,,,,,,
,,,,,,,
,,,,,,,
,,,,,,,
,,,,,,,
,,,,,,,
,,,,,,,
,,,,,,,
,,,,,,,
,,,,,,,
,,,,,,,
,,,,,,,
,,,,,,,
,,,,,,,
,,,,,,,
,,,,,,,
,,,,,,,
,,,,,,,
,,,,,,,
,,,,,,,
,,,,,,,
,,,,,,,
,,,,,,,
,,,,,,,
,,,,,,,
,,,,,,,
,,,,,,,
,,,,,,,
,,,,,,,
,,,,,,,
,,,,,,,
,,,,,,,
,,,,,,,
,,,,,,,
,,,,,,,
,,,,,,,
,,,,,,,
,,,,,,,
,,,,,,,
,,,,,,,
,,,,,,,
,,,,,,,
,,,,,,,
,,,,,,,
,,,,,,,
,,,,,,,
,,,,,,,
,,,,,,,
,,,,,,,
,,,,,,,
,,,,,,,
,,,,,,,
,,,,,,,
,,,,,,,
,,,,,,,
,,,,,,,
,,,,,,,
,,,,,,,
,,,,,,,
,,,,,,,
,,,,,,,
,,,,,,,
,,,,,,,
,,,,,,,
,,,,,,,
,,,,,,,
,,,,,,,
,,,,,,,
,,,,,,,
,,,,,,,
,,,,,,,
,,,,,,,
,,,,,,,
,,,,,,,
,,,,,,,
,,,,,,,
,,,,,,,
,,,,,,,
,,,,,,,
,,,,,,,
,,,,,,,
,,,,,,,
,,,,,,,
,,,,,,,
,,,,,,,
,,,,,,,
,,,,,,,
,,,,,,,
,,,,,,,
,,,,,,,
,,,,,,,
,,,,,,,
,,,,,,,
,,,,,,,
,,,,,,,
,,,,,,,
,,,,,,,
,,,,,,,
,,,,,,,
,,,,,,,
,,,,,,,
,,,,,,,
,,,,,,,
,,,,,,,
,,,,,,,
,,,,,,,
,,,,,,,
,,,,,,,
,,,,,,,
,,,,,,,
,,,,,,,
,,,,,,,
,,,,,,,
,,,,,,,
,,,,,,,
,,,,,,,
,,,,,,,
,,,,,,,
,,,,,,,
,,,,,,,
,,,,,,,
,,,,,,,
,,,,,,,
,,,,,,,
,,,,,,,
,,,,,,,
,,,,,,,
,,,,,,,
,,,,,,,
,,,,,,,
,,,,,,,
,,,,,,,
,,,,,,,
,,,,,,,
,,,,,,,
,,,,,,,
,,,,,,,
,,,,,,,
,,,,,,,
,,,,,,,
,,,,,,,
,,,,,,,
,,,,,,,
,,,,,,,
,,,,,,,
,,,,,,,
,,,,,,,
,,,,,,,
,,,,,,,
,,,,,,,
,,,,,,,
,,,,,,,
,,,,,,,
,,,,,,,
,,,,,,,
,,,,,,,
,,,,,,,
,,,,,,,
,,,,,,,
,,,,,,,
,,,,,,,
,,,,,,,
,,,,,,,
,,,,,,,
,,,,,,,
,,,,,,,
,,,,,,,
,,,,,,,
,,,,,,,
,,,,,,,
,,,,,,,
,,,,,,,
,,,,,,,
,,,,,,,
,,,,,,,
,,,,,,,
,,,,,,,
,,,,,,,
,,,,,,,
,,,,,,,
,,,,,,,
,,,,,,,
,,,,,,,
,,,,,,,
,,,,,,,
,,,,,,,
,,,,,,,
,,,,,,,
,,,,,,,
,,,,,,,
,,,,,,,
,,,,,,,
,,,,,,,
,,,,,,,
,,,,,,,
,,,,,,,
,,,,,,,
,,,,,,,
,,,,,,,
,,,,,,,
,,,,,,,
,,,,,,,
,,,,,,,
,,,,,,,
,,,,,,,
,,,,,,,
,,,,,,,
,,,,,,,
,,,,,,,
,,,,,,,
,,,,,,,
,,,,,,,
,,,,,,,
,,,,,,,
,,,,,,,
,,,,,,,
,,,,,,,
,,,,,,,
,,,,,,,
,,,,,,,
,,,,,,,
,,,,,,,
,,,,,,,
,,,,,,,
,,,,,,,
,,,,,,,
,,,,,,,
,,,,,,,
,,,,,,,
,,,,,,,
,,,,,,,
,,,,,,,
,,,,,,,
,,,,,,,
,,,,,,,
,,,,,,,
,,,,,,,
,,,,,,,
,,,,,,,
,,,,,,,
,,,,,,,
,,,,,,,
,,,,,,,
,,,,,,,
,,,,,,,
,,,,,,,
,,,,,,,
,,,,,,,
,,,,,,,
,,,,,,,
,,,,,,,
,,,,,,,
,,,,,,,
,,,,,,,
,,,,,,,
,,,,,,,
,,,,,,,
,,,,,,,
,,,,,,,
,,,,,,,
,,,,,,,
,,,,,,,
,,,,,,,
,,,,,,,
,,,,,,,
,,,,,,,
,,,,,,,
,,,,,,,
,,,,,,,
,,,,,,,
,,,,,,,
,,,,,,,
,,,,,,,
,,,,,,,
,,,,,,,
,,,,,,,
,,,,,,,
,,,,,,,
,,,,,,,
,,,,,,,
,,,,,,,
,,,,,,,
,,,,,,,
,,,,,,,
,,,,,,,
,,,,,,,
,,,,,,,
,,,,,,,
,,,,,,,
,,,,,,,
,,,,,,,
,,,,,,,
,,,,,,,
,,,,,,,
,,,,,,,
,,,,,,,
,,,,,,,
,,,,,,,
,,,,,,,
,,,,,,,
,,,,,,,
,,,,,,,
,,,,,,,
,,,,,,,
,,,,,,,
,,,,,,,
,,,,,,,
,,,,,,,
,,,,,,,
,,,,,,,
,,,,,,,
,,,,,,,
,,,,,,,
,,,,,,,
,,,,,,,
,,,,,,,
,,,,,,,
,,,,,,,
,,,,,,,
,,,,,,,
,,,,,,,
,,,,,,,
,,,,,,,
,,,,,,,
,,,,,,,
,,,,,,,
,,,,,,,
,,,,,,,
,,,,,,,
,,,,,,,
,,,,,,,
,,,,,,,
,,,,,,,
,,,,,,,
,,,,,,,
,,,,,,,
,,,,,,,
,,,,,,,
,,,,,,,
,,,,,,,
,,,,,,,
,,,,,,,
,,,,,,,
,,,,,,,
,,,,,,,
,,,,,,,
,,,,,,,
,,,,,,,
,,,,,,,
,,,,,,,
,,,,,,,
,,,,,,,
,,,,,,,
,,,,,,,
,,,,,,,
,,,,,,,
,,,,,,,
,,,,,,,
,,,,,,,
,,,,,,,
,,,,,,,
,,,,,,,
,,,,,,,
,,,,,,,
,,,,,,,
,,,,,,,
,,,,,,,
,,,,,,,
,,,,,,,
,,,,,,,
,,,,,,,
,,,,,,,
,,,,,,,
,,,,,,,
,,,,,,,
,,,,,,,
,,,,,,,
,,,,,,,
,,,,,,,
,,,,,,,
,,,,,,,
,,,,,,,
,,,,,,,
,,,,,,,
,,,,,,,
,,,,,,,
,,,,,,,
,,,,,,,
,,,,,,,
,,,,,,,
,,,,,,,
,,,,,,,
,,,,,,,
,,,,,,,
,,,,,,,
,,,,,,,
,,,,,,,
,,,,,,,
,,,,,,,
,,,,,,,
,,,,,,,
,,,,,,,
,,,,,,,
,,,,,,,
,,,,,,,
,,,,,,,
,,,,,,,
,,,,,,,
,,,,,,,
,,,,,,,
,,,,,,,
,,,,,,,
,,,,,,,
,,,,,,,
,,,,,,,
,,,,,,,
,,,,,,,
,,,,,,,
,,,,,,,
,,,,,,,
,,,,,,,
,,,,,,,
,,,,,,,
,,,,,,,
,,,,,,,
,,,,,,,
,,,,,,,
,,,,,,,
,,,,,,,
,,,,,,,
,,,,,,,
,,,,,,,
,,,,,,,
,,,,,,,
,,,,,,,
,,,,,,,
,,,,,,,
,,,,,,,
,,,,,,,
,,,,,,,
,,,,,,,
,,,,,,,
,,,,,,,
,,,,,,,
,,,,,,,
,,,,,,,
,,,,,,,
,,,,,,,
,,,,,,,
,,,,,,,
,,,,,,,
,,,,,,,
,,,,,,,
,,,,,,,
,,,,,,,
,,,,,,,
,,,,,,,
,,,,,,,
,,,,,,,
,,,,,,,
,,,,,,,
,,,,,,,
,,,,,,,
,,,,,,,
,,,,,,,
,,,,,,,
,,,,,,,
,,,,,,,
,,,,,,,
,,,,,,,
,,,,,,,
,,,,,,,
,,,,,,,
,,,,,,,
,,,,,,,
,,,,,,,
,,,,,,,
,,,,,,,
,,,,,,,
,,,,,,,
,,,,,,,
,,,,,,,
,,,,,,,
,,,,,,,
,,,,,,,
,,,,,,,
,,,,,,,
,,,,,,,
,,,,,,,
,,,,,,,
,,,,,,,
,,,,,,,
,,,,,,,
,,,,,,,
,,,,,,,
,,,,,,,
,,,,,,,
,,,,,,,
,,,,,,,
,,,,,,,
,,,,,,,
,,,,,,,
,,,,,,,
,,,,,,,
,,,,,,,
,,,,,,,
,,,,,,,
,,,,,,,
,,,,,,,
,,,,,,,
,,,,,,,
,,,,,,,
,,,,,,,
,,,,,,,
,,,,,,,
,,,,,,,
,,,,,,,
,,,,,,,
,,,,,,,
,,,,,,,
,,,,,,,
,,,,,,,
,,,,,,,
,,,,,,,
,,,,,,,
,,,,,,,
,,,,,,,
,,,,,,,
,,,,,,,
,,,,,,,
,,,,,,,
,,,,,,,
,,,,,,,
,,,,,,,
,,,,,,,
,,,,,,,
,,,,,,,
,,,,,,,
,,,,,,,
,,,,,,,
,,,,,,,
,,,,,,,
,,,,,,,
,,,,,,,
,,,,,,,
,,,,,,,
,,,,,,,
,,,,,,,
,,,,,,,
,,,,,,,
,,,,,,,
,,,,,,,
,,,,,,,
,,,,,,,
,,,,,,,
,,,,,,,
,,,,,,,
,,,,,,,
,,,,,,,
,,,,,,,
,,,,,,,
,,,,,,,
,,,,,,,
,,,,,,,
,,,,,,,
,,,,,,,
,,,,,,,
,,,,,,,
,,,,,,,
,,,,,,,
,,,,,,,
,,,,,,,
,,,,,,,
,,,,,,,
,,,,,,,
,,,,,,,
,,,,,,,
,,,,,,,
,,,,,,,
,,,,,,,
,,,,,,,
,,,,,,,
,,,,,,,
,,,,,,,
,,,,,,,
,,,,,,,
,,,,,,,
,,,,,,,
,,,,,,,
,,,,,,,
,,,,,,,
,,,,,,,
,,,,,,,
,,,,,,,
,,,,,,,
,,,,,,,
,,,,,,,
,,,,,,,
,,,,,,,
,,,,,,,
,,,,,,,
,,,,,,,
,,,,,,,
,,,,,,,
,,,,,,,
,,,,,,,
,,,,,,,
,,,,,,,
,,,,,,,
,,,,,,,
,,,,,,,
,,,,,,,
,,,,,,,
,,,,,,,
,,,,,,,
,,,,,,,
,,,,,,,
,,,,,,,
,,,,,,,
,,,,,,,
,,,,,,,
,,,,,,,
,,,,,,,
,,,,,,,
,,,,,,,
,,,,,,,
,,,,,,,
,,,,,,,
,,,,,,,
,,,,,,,
,,,,,,,
,,,,,,,
,,,,,,,
,,,,,,,
,,,,,,,
,,,,,,,
,,,,,,,
,,,,,,,
,,,,,,,
,,,,,,,
,,,,,,,
,,,,,,,
,,,,,,,
,,,,,,,
,,,,,,,
,,,,,,,
,,,,,,,
,,,,,,,
,,,,,,,
,,,,,,,
,,,,,,,
,,,,,,,
,,,,,,,
,,,,,,,
